{
  "project_info": {
    "project_number": "153058877439",
    "firebase_url": "https://projecthomedesign-fb693.firebaseio.com",
    "project_id": "projecthomedesign-fb693",
    "storage_bucket": "projecthomedesign-fb693.appspot.com"
  },
  "client": [
    {
      "client_info": {
        "mobilesdk_app_id": "1:153058877439:android:918086b9a8dc3529b111ca",
        "android_client_info": {
          "package_name": "com.example.myapplication"
        }
      },
      "oauth_client": [
        {
          "client_id": "153058877439-vogl40stbrm8begdjgotgbcvsg94714a.apps.googleusercontent.com",
          "client_type": 1,
          "android_info": {
            "package_name": "com.example.myapplication",
            "certificate_hash": "59713d7ccbbb1faba15bbb2dd862ff5ecadbe6fb"
          }
        },
        {
          "client_id": "153058877439-2miv10mrq2gj2els2n53d1nc1ueooj31.apps.googleusercontent.com",
          "client_type": 3
        }
      ],
      "api_key": [
        {
          "current_key": "AIzaSyBPiaJqyVaEp8umT_LPsgTjqKa3JeEcbfw"
        }
      ],
      "services": {
        "appinvite_service": {
          "other_platform_oauth_client": [
            {
              "client_id": "153058877439-2miv10mrq2gj2els2n53d1nc1ueooj31.apps.googleusercontent.com",
              "client_type": 3
            }
          ]
        }
      }
    }
  ],
  "configuration_version": "1"
}